[
               
     {
          "rut": "17.303.969-7",
          "nombre": "max cortazabal",
          "telefono": "956144519",
          "correo": "edo@motiondesign.cl",
          "promocion01": {
               "codigo_promocion": "88101133",
               "porcentaje_descuento": "20%",
               "productos": "Trutro entero de pollo granel",
               "img": "img/trutro-entero-de-pollo-granel.png"
          },
          "promocion02": {
               "codigo_promocion": "88101181",
               "porcentaje_descuento": "10%",
               "productos": "Leche Soprole entera, descremada o semidescremada 1 lt",
               "img": "img/leche-soprole-entera-descremada-o-semidescremada-1-lt.png"
          },
          "promocion03": {
               "codigo_promocion": "88101187",
               "porcentaje_descuento": "30%",
               "productos": "Posta negra rosada o paleta.png",
               "img": "img/posta_negra_rosada_o_paleta_.png"
          }
     },
     {
          "rut": "16.013.794-0",
          "nombre": "eduardo palma",
          "telefono": "956144519",
          "correo": "aut.vincere@gmail.com",
          "promocion01": {
               "codigo_promocion": "88101143",
               "porcentaje_descuento": "20%",
               "productos": "Postres frescos Soprole",
               "img": "img/postres-frescos-soprole.png"
          },
          "promocion02": {
               "codigo_promocion": "88101183",
               "porcentaje_descuento": "10%",
               "productos": "Pack Cerveza Budweiser botella 12 un x 355 cc",
               "img": "img/pack-cerveza-budweiser-botella-12-un-x-355-cc.png"
          },
          "promocion03": {
               "codigo_promocion": "88101123",
               "porcentaje_descuento": "30%",
               "productos": "Aceite belmont",
               "img": "img/aceite-belmont.png"
          }
     },
     {
          "rut": "25.612.131-k",
          "nombre": "francisco murillo",
          "telefono": "956144519",
          "correo": "franciscomurillo21@yahoo.es",

          "promocion01": {
               "codigo_promocion": "88101183",
               "porcentaje_descuento": "20%",
               "productos": "Coca-Cola",
               "img": "img/coca-cola.png"
          },
          "promocion02": {
               "codigo_promocion": "88101155",
               "porcentaje_descuento": "10%",
               "productos": "Papel higiénico Confort",
               "img": "img/papel-higienico-confort.png"
          },
          "promocion03": {
               "codigo_promocion": "881011867",
               "porcentaje_descuento": "30%",
               "productos": "Whisky 100 pipers",
               "img": "img/whisky-100-pipers.png"
          }
     }
]